pcp_t1,acc_t1,lwp_t1,iwp_t1,olr_t1,osr_t1,pcp_t2,acc_t2,lwp_t2,iwp_t2,olr_t2,osr_t2,pcp_t3,acc_t3,lwp_t3,iwp_t3,olr_t3,osr_t3,pcp_t4,acc_t4,lwp_t4,iwp_t4,olr_t4,osr_t4,pcp_t5,acc_t5,lwp_t5,iwp_t5,olr_t5,osr_t5,pcp_t6,acc_t6,lwp_t6,iwp_t6,olr_t6,osr_t6
0.0,0.0,5.2198429108,0.0006548023,240.7509460449,885.2327880859,3.6429717541,0.9525898695,6.7264742851,5.1722726822,155.5743103027,782.1232299805,7.8225297928,3.2408292294,5.9431495667,13.2074966431,171.882019043,792.7778930664,18.996301651,9.507522583,11.700044632,10.2430582047,199.1376190186,756.5441894531,32.1085395813,25.049703598,10.5577325821,2.5049426556,218.8661193848,700.2045898438,13.4734077454,36.084903717,4.1448779106,0.1491829902,239.6768341064,563.9255371094
