PCP_t1,ACC_t1,LWP_t1,IWP_t1,OLR_t1,OSR_t1,PCP_t2,ACC_t2,LWP_t2,IWP_t2,OLR_t2,OSR_t2,PCP_t3,ACC_t3,LWP_t3,IWP_t3,OLR_t3,OSR_t3,PCP_t4,ACC_t4,LWP_t4,IWP_t4,OLR_t4,OSR_t4,PCP_t5,ACC_t5,LWP_t5,IWP_t5,OLR_t5,OSR_t5,PCP_t6,ACC_t6,LWP_t6,IWP_t6,OLR_t6,OSR_t6
0.0,0.0,5.219587326,0.0010783846,240.7552947998,885.1856689453,3.4885511398,0.942437768,7.5836982727,4.326546669,156.6414337158,750.948425293,11.1776514053,3.6111090183,9.5641965866,9.1741380692,178.7111816406,742.8016967773,33.2928695679,15.0823259354,13.4401884079,2.9137740135,210.0847015381,711.4818115234,21.1441898346,30.486000061,6.9940476418,0.5910249949,224.7714233398,733.450012207,8.2805290222,37.3024787903,2.9719409943,0.0913990885,239.9892272949,611.1390380859
