PCP_t1,ACC_t1,LWP_t1,IWP_t1,OLR_t1,OSR_t1,PCP_t2,ACC_t2,LWP_t2,IWP_t2,OLR_t2,OSR_t2,PCP_t3,ACC_t3,LWP_t3,IWP_t3,OLR_t3,OSR_t3,PCP_t4,ACC_t4,LWP_t4,IWP_t4,OLR_t4,OSR_t4,PCP_t5,ACC_t5,LWP_t5,IWP_t5,OLR_t5,OSR_t5,PCP_t6,ACC_t6,LWP_t6,IWP_t6,OLR_t6,OSR_t6
3.7471554279,0.0863199979,5.0851726532,0.00086072,240.7511749268,896.9618530273,7.4982180595,3.9078974724,4.1064300537,4.8811273575,152.7023162842,814.0783081055,5.6732764244,7.284011364,2.7198195457,12.6415061951,152.8110046387,868.7803344727,7.9864459038,10.0831537247,4.714304924,16.9863357544,185.8248291016,845.8970947266,18.5276279449,18.1447563171,5.9157447815,14.1248273849,210.5711364746,739.1811523438,25.4930915833,28.6405925751,7.5007629395,4.310526371,229.8974456787,512.634765625
