as,bs,ag,bg,N0r,N0s,N0g,rhos,rhog,qc0,qi0
200.0,0.3,335.7866465533894,0.4599803368406364,0.5,0.5,0.5,0.2,0.4,0.001,0.0006
